id,А,Б,В,Г,Д,Е,Ё,Ж,З,И,Й,К,Л,М,Н,О,П,Р,С,Т,У,Ф,Х,Ц,Ч,Ш,Щ,Ъ,Ы,Ь,Э,Ю,Я
1,1,1,1,1,2,2,2,1,1,1,2,1,1,2,2,1,2,2,2,2,2,2,2,2,2,2,1,2,2,1,1,2,2
2,1,1,1,1,2,2,2,2,1,2,2,2,2,1,2,2,1,2,2,2,1,2,1,1,2,2,2,1,2,1,2,2,2
3,2,2,1,1,2,1,1,1,1,2,1,1,2,1,1,2,1,1,1,1,2,1,1,2,2,2,2,1,2,2,2,2,1
4,1,1,2,2,1,2,2,2,1,1,2,2,2,2,2,1,2,1,1,2,2,2,2,1,2,1,2,1,1,2,2,2,1
5,2,2,2,2,1,1,1,2,1,2,1,1,1,1,2,2,2,2,2,2,2,2,2,1,2,1,1,1,1,1,1,1,1
6,1,1,2,1,1,2,1,1,1,1,2,2,1,2,2,1,2,1,2,1,1,1,1,1,1,1,1,1,1,1,2,1,1
7,1,2,1,1,2,1,1,2,1,2,2,2,2,1,2,2,1,1,2,2,2,2,2,2,2,1,2,2,2,2,1,1,1
8,2,2,1,1,2,2,1,1,1,2,1,1,2,2,2,2,2,1,1,2,1,1,2,2,1,2,1,1,2,1,1,2,1
9,2,2,1,1,2,2,2,1,2,2,2,1,2,2,1,2,1,1,2,2,1,1,2,2,2,2,2,2,2,2,2,2,2
10,1,2,1,2,1,2,1,1,1,1,1,2,2,2,1,1,2,2,1,2,1,2,2,2,2,2,2,2,2,2,1,2,2
11,2,1,2,2,1,2,2,1,2,2,1,2,1,2,1,2,1,2,1,1,1,1,1,2,2,1,1,1,1,1,2,2,1
12,1,2,2,2,1,1,2,1,2,2,1,2,2,2,2,2,2,1,1,2,1,1,1,1,1,2,1,1,1,1,2,2,2
13,2,1,1,1,2,2,1,1,1,2,1,1,1,1,1,1,2,2,1,1,2,2,2,1,2,2,1,2,2,1,1,2,1
14,2,2,1,1,1,1,2,1,1,2,1,2,1,2,2,1,1,1,1,1,2,2,2,1,2,1,2,1,1,1,2,1,2
15,1,2,2,1,1,2,2,2,1,2,2,2,1,1,2,1,1,2,1,1,1,2,2,1,1,1,2,2,1,2,1,1,2